ID,TYPE,DATE,TIME,REASON,CHIP TEMP C,PCB TEMP C,VOLTS
1,RESET,00-01-17,01:27,UPDI,21.1,20.2,0.00
2,RESET,00-02-18,20:12,POWER ON,19.4,18.4,10.69
3,WAKE,00-02-18,20:13,OK BTN,,,
4,PUMP,26-01-22,00:00,AUTO,-14.8,-16.3,8.68
5,PUMP,26-01-22,00:00,AUTO,-14.8,-16.3,8.57
6,PUMP,26-01-23,00:00,AUTO,-15.4,-16.6,8.21
7,PUMP,26-01-23,00:00,AUTO,-15.4,-16.6,8.11
8,PUMP,26-01-24,00:00,AUTO,-13.7,-15.0,8.04
9,PUMP,26-01-24,00:00,AUTO,-13.7,-15.0,7.94
10,PUMP,26-01-25,00:00,AUTO,-15.4,-16.6,7.87
11,PUMP,26-01-25,00:00,AUTO,-15.4,-16.6,7.78
12,PUMP,26-01-26,00:00,AUTO,-14.8,-16.5,7.82
13,PUMP,26-01-26,00:00,AUTO,-14.3,-16.3,7.74
14,WAKE,26-01-26,11:16,OK BTN,,,
15,PUMP,26-01-27,00:00,AUTO,-16.0,-16.8,7.83
16,PUMP,26-01-27,00:00,AUTO,-14.8,-16.6,7.74
17,PUMP,26-01-28,00:00,AUTO,-14.8,-15.8,7.87
18,PUMP,26-01-28,00:00,AUTO,-14.8,-15.8,7.78
19,WAKE,26-01-28,10:21,OK BTN,,,
20,PUMP,26-01-29,00:00,AUTO,-14.8,-15.8,7.89
21,PUMP,26-01-29,00:00,AUTO,-14.3,-15.8,7.79
22,PUMP,26-01-30,00:00,AUTO,-15.4,-16.8,7.89
23,PUMP,26-01-30,00:00,AUTO,-14.8,-16.8,7.79
24,PUMP,26-01-31,00:00,AUTO,-15.4,-16.6,7.87
25,PUMP,26-01-31,00:00,AUTO,-14.8,-16.6,7.79
26,PUMP,26-02-01,00:00,AUTO,-14.3,-15.7,7.87
27,PUMP,26-02-01,00:00,AUTO,-14.3,-15.7,7.78
28,PUMP,26-02-02,00:00,AUTO,-15.4,-16.8,7.85
29,PUMP,26-02-02,00:00,AUTO,-15.4,-16.6,7.76
30,PUMP,26-02-03,00:00,AUTO,-16.0,-16.6,7.85
31,PUMP,26-02-03,00:00,AUTO,-15.4,-16.8,7.75
32,PUMP,26-02-04,00:00,AUTO,-16.0,-16.9,7.83
33,PUMP,26-02-04,00:00,AUTO,-15.4,-16.9,7.75
34,PUMP,26-02-05,00:00,AUTO,-16.0,-17.3,7.82
35,PUMP,26-02-05,00:00,AUTO,-15.4,-17.3,7.72
36,PUMP,26-02-06,00:00,AUTO,-14.8,-16.3,7.82
37,PUMP,26-02-06,00:00,AUTO,-14.8,-16.3,7.72
38,PUMP,26-02-07,00:00,AUTO,-15.4,-16.9,7.82
39,PUMP,26-02-07,00:00,AUTO,-15.4,-16.9,7.72
40,PUMP,26-02-08,00:00,AUTO,-15.4,-16.8,7.80
41,PUMP,26-02-08,00:00,AUTO,-15.4,-16.8,7.72
42,PUMP,26-02-09,00:00,AUTO,-14.3,-16.0,7.80
43,PUMP,26-02-09,00:00,AUTO,-14.3,-16.0,7.71
44,PUMP,26-02-10,00:00,AUTO,-13.7,-14.9,7.80
45,PUMP,26-02-10,00:00,AUTO,-13.1,-14.9,7.72
46,PUMP,26-02-11,00:00,AUTO,-15.4,-16.9,7.78
47,PUMP,26-02-11,00:00,AUTO,-15.4,-16.9,7.69
48,PUMP,26-02-12,00:00,AUTO,-14.8,-16.5,7.78
49,PUMP,26-02-12,00:00,AUTO,-14.8,-16.3,7.68
50,PUMP,26-02-13,00:00,AUTO,-16.0,-17.4,7.78
51,PUMP,26-02-13,00:00,AUTO,-16.0,-17.6,7.67
52,PUMP,26-02-14,00:00,AUTO,-15.4,-16.9,7.76
53,PUMP,26-02-14,00:00,AUTO,-15.4,-16.8,7.65
54,PUMP,26-02-15,00:00,AUTO,-13.7,-15.4,7.76
55,PUMP,26-02-15,00:00,AUTO,-13.7,-15.4,7.67
56,PUMP,26-02-16,00:00,AUTO,-14.8,-16.1,7.75
57,PUMP,26-02-16,00:00,AUTO,-14.3,-16.1,7.65
58,PUMP,26-02-17,00:00,AUTO,-15.4,-17.3,7.74
59,PUMP,26-02-17,00:00,AUTO,-15.4,-17.1,7.62
60,PUMP,26-02-18,00:00,AUTO,-16.0,-16.9,7.74
61,PUMP,26-02-18,00:00,AUTO,-15.4,-16.9,7.62
62,PUMP,26-02-19,00:00,AUTO,-14.8,-16.5,7.74
63,PUMP,26-02-19,00:00,AUTO,-15.4,-16.5,7.62
64,PUMP,26-02-20,00:00,AUTO,-15.4,-16.6,7.75
65,PUMP,26-02-20,00:00,AUTO,-15.4,-16.6,7.64
66,PUMP,26-02-21,00:00,AUTO,-13.7,-14.9,7.75
67,PUMP,26-02-21,00:00,AUTO,-13.1,-14.9,7.64
68,PUMP,26-02-22,00:00,AUTO,-14.3,-15.2,7.74
69,PUMP,26-02-22,00:00,AUTO,-13.7,-15.0,7.61
70,PUMP,26-02-23,00:00,AUTO,-14.3,-15.7,7.71
71,PUMP,26-02-23,00:00,AUTO,-14.3,-15.7,7.58
72,PUMP,26-02-24,00:00,AUTO,-13.7,-14.9,7.71
73,PUMP,26-02-24,00:00,AUTO,-13.7,-15.0,7.58
74,PUMP,26-02-25,00:00,AUTO,-16.6,-17.9,7.69
75,PUMP,26-02-25,00:00,AUTO,-16.6,-17.8,7.57
76,PUMP,26-02-26,00:00,AUTO,-14.8,-16.0,7.71
77,PUMP,26-02-26,00:00,AUTO,-14.8,-16.1,7.58
78,PUMP,26-02-27,00:00,AUTO,-15.4,-16.8,7.69
79,PUMP,26-02-27,00:00,AUTO,-15.4,-16.8,7.57
80,PUMP,26-02-28,00:00,AUTO,-14.3,-15.2,7.71
81,PUMP,26-02-28,00:00,AUTO,-13.7,-15.0,7.57
82,PUMP,26-03-01,00:00,AUTO,-15.4,-16.8,7.67
83,PUMP,26-03-01,00:00,AUTO,-15.4,-16.8,7.53
84,PUMP,26-03-02,00:00,AUTO,-14.8,-16.3,7.68
85,PUMP,26-03-02,00:00,AUTO,-14.8,-16.3,7.54
86,PUMP,26-03-03,00:00,AUTO,-16.0,-17.4,7.67
87,PUMP,26-03-03,00:00,AUTO,-16.0,-17.6,7.53
88,PUMP,26-03-04,00:00,AUTO,-15.4,-16.5,7.67
89,PUMP,26-03-04,00:00,AUTO,-14.8,-16.5,7.53
90,PUMP,26-03-05,00:00,AUTO,-14.3,-15.5,7.65
91,PUMP,26-03-05,00:00,AUTO,-14.3,-15.5,7.51
92,PUMP,26-03-06,00:00,AUTO,-15.4,-16.6,7.67
93,PUMP,26-03-06,00:00,AUTO,-15.4,-16.8,7.53
94,PUMP,26-03-07,00:00,AUTO,-15.4,-16.5,7.65
95,PUMP,26-03-07,00:00,AUTO,-14.8,-16.3,7.51
96,PUMP,26-03-08,00:00,AUTO,-15.4,-16.6,7.64
97,PUMP,26-03-08,00:00,AUTO,-14.8,-16.6,7.50
98,PUMP,26-03-09,00:00,AUTO,-14.8,-16.3,7.64
99,PUMP,26-03-09,00:00,AUTO,-14.8,-16.3,7.50
100,PUMP,26-03-10,00:00,AUTO,-16.6,-17.4,7.61
101,PUMP,26-03-10,00:00,AUTO,-16.0,-17.3,7.47
102,PUMP,26-03-11,00:00,AUTO,-14.3,-15.7,7.61
103,PUMP,26-03-11,00:00,AUTO,-14.3,-15.7,7.47
104,PUMP,26-03-12,00:00,AUTO,-13.7,-15.4,7.61
105,PUMP,26-03-12,00:00,AUTO,-13.7,-15.4,7.47
106,PUMP,26-03-13,00:00,AUTO,-16.6,-17.6,7.60
107,PUMP,26-03-13,00:00,AUTO,-16.6,-17.6,7.46
108,PUMP,26-03-14,00:00,AUTO,-16.0,-17.1,7.60
109,PUMP,26-03-14,00:00,AUTO,-16.0,-17.1,7.46
110,PUMP,26-03-15,00:00,AUTO,-13.7,-14.9,7.61
111,PUMP,26-03-15,00:00,AUTO,-13.7,-15.0,7.47
112,PUMP,26-03-16,00:00,AUTO,-15.4,-16.9,7.58
113,PUMP,26-03-16,00:00,AUTO,-15.4,-16.8,7.44
114,PUMP,26-03-17,00:00,AUTO,-16.0,-16.8,7.55
115,PUMP,26-03-17,00:00,AUTO,-15.4,-16.8,7.41
116,PUMP,26-03-18,00:00,AUTO,-15.4,-16.8,7.46
117,PUMP,26-03-18,00:00,AUTO,-15.4,-16.6,7.30
118,PUMP,26-03-19,00:00,AUTO,-14.3,-15.5,7.26
119,PUMP,26-03-19,00:00,AUTO,-14.3,-15.4,7.12
120,PUMP,26-03-20,00:00,AUTO,-15.4,-16.6,6.84
121,PUMP,26-03-20,00:00,AUTO,-14.8,-16.8,6.72
122,PUMP,26-03-21,00:00,AUTO,-16.0,-17.4,6.36
123,PUMP,26-03-21,00:00,AUTO,-16.0,-17.3,6.23
124,PUMP,26-03-22,00:00,AUTO,-15.4,-16.3,6.41
125,PUMP,26-03-22,00:00,AUTO,-14.8,-16.5,6.29
126,PUMP,26-03-23,00:00,AUTO,-14.3,-15.7,6.41
127,PUMP,26-03-23,00:00,AUTO,-14.3,-15.7,6.29
128,WAKE,26-03-23,09:41,OK BTN,,,
129,PUMP,26-03-24,00:00,AUTO,-14.3,-15.7,6.43
130,PUMP,26-03-24,00:00,AUTO,-14.3,-15.5,6.30
131,PUMP,26-03-25,00:00,AUTO,-16.0,-16.9,6.40
132,PUMP,26-03-25,00:00,AUTO,-15.4,-16.9,6.27
133,PUMP,26-03-26,00:00,AUTO,-15.4,-16.8,5.53
134,PUMP,26-03-26,00:00,AUTO,-15.4,-16.6,3.65
135,CLOCK ERROR,26-04-16,08:58,,,,
136,RESET,26-04-16,08:58,BROWN OUT,23.9,23.5,14.23
137,CLOCK ERROR,26-04-16,08:58,,,,
138,RESET,26-04-16,08:58,3,29.1,28.5,5.02
139,CLOCK ERROR,26-04-16,09:07,,,,
140,RESET,26-04-16,09:07,3,30.8,30.1,5.03
141,CLOCK ERROR,26-04-16,09:09,,,,
142,RESET,26-04-16,09:09,3,31.3,30.7,5.03
143,CLOCK ERROR,26-04-16,09:16,,,,
144,RESET,26-04-16,09:16,3,30.2,29.3,5.02
145,CLOCK ERROR,26-04-16,09:16,,,,
146,RESET,26-04-16,09:16,3,24.5,23.8,4.99
147,CLOCK ERROR,26-04-16,09:16,,,,
148,RESET,26-04-16,09:16,3,27.4,25.7,4.99
149,CLOCK ERROR,26-04-16,09:16,,,,
150,RESET,26-04-16,09:16,3,24.5,23.9,4.99
